"indicator no.",grading,domain,Georgia,Latvia,Armenia,Azerbaijan,Kazakhstan,Uzbekistan,Tajikistan,Kyrgyzstan,Jordan,Egypt,Lebanon,Belarus,Mongolia,Mexico,Panama,"Costa Rica",Peru,Venezuela,Chile,Ecuador,Colombia,"Sierra Leone",Ghana,Tanzania,Gambia,Algeria,France,Bangladesh,Lithuania,Bulgaria,Austria,Hungary,Belgium,"Bosnia and Herzegovina",Slovakia,Sweden,Finland,Denmark,Ireland,Albania,Montenegro,Serbia,Greece,"North Macedonia",Turkey,Iceland,Portugal,Romania,Moldova,Italy,Netherlands,Ukraine,Spain,Nicaragua,Bolivia,Paraguay,Pakistan,Afghanistan,Turkmenistan,India,Nigeria,"South Africa",Senegal,Ethiopia,Kenya,Singapore,Taiwan,Brazil,"Czech Republic",Estonia,Poland,Vietnam,Nepal,Russia,"New Zealand",Zimbabwe,"Democratic Republic of the Congo",Malaysia,Timor-Leste,Argentina,Uruguay,"El Salvador",Philippines,Thailand,Myanmar,Uganda,Mozambique,Angola,Japan,Indonesia,"South Korea","Saudi Arabia",Qatar,Canada,Cambodia,"United States",Germany,"United Kingdom",Australia,Israel,"Sri Lanka"
1,1,Media,0,0,0,0,0,0,0,0,0,0,0,0,0,0,0,0,1,1,3,0,0,0,0,3,0,0,3,0,0,0,1,1,0,0,1,0,0,0,1,0,0,0,1,0,0,0,1,1,0,1,1,1,3,0,0,0,1,0,0,0,3,0,2,0,0,3,1,1,3,0,1,0,0,0,4,4,0,4,0,0,0,0,0,3,0,0,0,1,2,1,0,0,0,4,1,2,2,1,2,0,0
2,1,Media,0,0,0,3,1,0,1,4,1,3,0,2,2,0,0,0,0,0,0,0,0,0,4,1,3,2,0,1,0,3,1,1,0,1,0,0,0,0,0,0,1,3,0,0,0,0,3,1,1,1,0,1,0,1,0,0,2,0,3,0,3,3,0,0,3,0,3,0,0,0,1,3,1,0,1,4,0,1,0,3,3,0,1,1,3,na,0,na,0,3,3,1,0,1,3,1,0,1,2,0,3
3,1,Media,0,0,1,0,4,0,0,4,4,3,0,1,3,3,0,1,3,3,3,1,0,4,3,2,4,4,0,3,0,2,1,0,1,2,3,1,0,0,1,1,1,na,1,0,1,0,1,1,3,0,1,1,0,4,0,1,4,1,3,1,3,3,0,2,3,4,2,na,1,0,1,3,2,2,0,4,2,3,3,4,1,0,3,3,2,3,1,2,1,3,4,1,na,4,1,1,1,3,1,1,na
4,1,Media,0,0,1,0,3,0,0,3,3,3,0,0,0,0,0,1,0,0,3,0,0,4,3,2,4,3,4,1,0,2,0,0,1,1,0,0,0,0,1,0,0,0,0,0,0,0,1,1,0,0,0,0,0,4,0,0,4,2,3,0,3,3,0,3,3,4,1,0,1,0,0,1,1,0,1,4,2,1,0,4,4,0,3,2,3,3,1,3,1,3,2,0,0,4,3,2,0,0,0,0,0
5,1,Media,4,0,3,3,0,0,0,4,3,4,4,0,3,1,4,4,4,4,3,3,2,0,0,2,0,3,2,3,0,3,2,1,3,0,1,0,1,0,3,1,0,2,0,0,4,0,1,1,0,1,0,1,1,4,0,0,3,1,0,1,3,0,3,0,3,4,4,0,1,1,2,1,3,2,0,0,0,3,0,3,1,3,1,3,3,4,1,3,2,3,1,1,1,4,1,2,2,4,4,1,3
6,1,Media,4,0,3,0,0,0,0,3,0,0,0,0,3,1,4,1,0,0,3,0,0,0,0,1,4,0,4,0,0,0,1,0,0,1,3,1,1,1,0,0,0,0,3,0,0,0,0,0,0,1,1,0,1,0,0,0,0,0,0,0,0,0,0,0,0,3,3,0,4,0,2,1,0,0,3,0,0,3,0,0,0,0,0,3,1,0,1,0,1,1,0,0,0,4,3,2,1,0,4,0,0
7,1,Media,3,0,3,0,3,1,0,3,1,3,0,0,3,0,4,4,4,3,4,3,1,1,3,2,4,0,2,3,0,3,0,1,1,3,3,1,1,0,0,1,0,1,4,0,1,0,1,1,0,1,0,0,2,4,1,0,4,1,0,0,3,3,3,3,4,4,4,2,1,1,2,0,3,0,3,4,3,4,0,3,0,1,1,3,1,4,2,1,2,3,0,1,4,4,4,1,2,3,1,1,2
8,1,Media,0,3,0,0,0,0,0,0,0,0,0,0,3,0,3,0,0,0,4,3,0,0,3,2,3,2,1,0,1,0,0,0,0,0,0,0,0,0,1,0,0,0,0,0,4,0,0,0,0,0,1,1,1,3,0,0,4,0,0,4,0,3,na,1,4,4,4,0,0,0,0,0,1,0,3,4,na,1,0,2,4,0,0,4,0,0,0,0,1,0,1,0,0,4,0,1,2,3,4,2,na
9,0,Media,0,4,0,0,0,0,0,4,0,0,0,0,0,0,4,0,0,0,4,4,0,0,4,0,0,0,4,0,0,0,0,0,0,4,0,0,0,na,4,0,0,0,0,0,0,0,0,0,0,4,4,0,4,0,0,0,0,0,0,4,4,0,0,0,0,4,4,0,0,0,4,0,4,0,0,4,0,4,0,0,0,0,4,4,0,0,0,0,4,4,0,0,0,4,4,4,4,4,4,4,0
10,1,Media,1,3,3,3,3,4,2,3,0,3,2,2,0,0,3,4,4,4,1,0,0,4,4,1,4,4,2,1,0,3,0,1,0,1,4,0,0,0,0,0,0,4,0,1,0,0,0,0,0,2,0,0,0,4,0,1,4,0,3,na,1,0,3,0,1,3,4,0,0,0,0,1,4,3,0,4,3,4,4,1,0,1,0,3,1,4,2,4,0,3,0,1,4,3,4,0,0,0,0,0,4
11,1,Media,0,0,0,1,0,0,0,0,3,3,0,0,0,0,4,0,0,0,3,0,0,1,0,0,2,4,3,0,0,0,0,0,0,0,3,0,0,0,0,0,0,0,0,0,3,0,0,1,0,2,0,0,3,0,0,0,1,1,0,0,3,0,0,0,4,3,4,0,1,0,0,0,0,3,1,2,0,1,0,0,0,0,1,0,0,1,na,0,1,1,1,0,1,4,3,1,1,1,3,0,1
12,0,"Foreign Policy",4,4,4,4,0,0,4,4,4,4,4,4,4,4,4,4,4,4,4,4,4,0,4,4,4,4,4,0,4,0,4,4,4,0,na,0,4,0,4,4,4,4,4,4,4,0,4,4,4,4,0,4,0,4,4,0,4,0,4,0,4,4,0,0,4,4,0,4,0,4,4,4,4,4,4,4,4,4,0,4,4,0,0,4,na,4,4,4,4,0,4,4,4,0,4,4,4,0,0,4,4
13,1,"Foreign Policy",3,3,4,2,3,4,4,4,3,3,4,3,4,0,4,3,4,4,3,4,3,4,4,4,4,1,0,3,0,0,1,0,0,3,0,0,0,0,0,0,1,4,0,4,0,0,1,0,4,0,0,0,0,2,4,1,4,1,0,0,4,3,2,4,4,0,3,2,0,0,0,0,4,0,3,4,4,4,4,4,1,4,4,1,4,3,4,3,1,4,0,0,0,0,4,0,0,0,0,0,4
14,1,"Foreign Policy",0,1,1,0,0,3,1,0,0,1,3,0,3,3,2,4,4,4,3,4,0,4,4,4,4,2,0,0,0,3,0,0,0,3,0,0,0,0,0,1,1,1,0,0,2,0,2,0,1,0,0,0,0,0,1,0,4,2,4,0,4,3,0,4,4,3,0,0,0,0,0,3,4,1,0,4,na,1,1,1,3,0,4,4,0,3,2,0,0,3,0,2,0,0,0,0,0,0,0,0,0
15,0,"Foreign Policy",0,0,0,0,4,4,4,4,0,0,0,0,0,0,0,0,0,0,0,0,0,0,0,0,0,0,0,0,0,4,0,0,0,0,0,4,0,0,4,0,0,0,0,0,4,0,0,0,0,0,0,0,0,0,0,0,0,0,0,0,4,4,0,0,0,0,4,0,0,0,0,0,0,0,0,0,0,0,0,0,0,0,0,0,0,0,0,0,4,0,4,0,0,4,0,4,0,4,4,0,0
16,0,"Foreign Policy",0,0,0,0,0,0,0,0,0,0,0,0,0,0,4,4,0,0,4,4,0,4,0,0,4,na,0,0,0,0,0,0,0,0,0,4,4,4,0,0,0,0,0,0,0,0,0,0,0,0,0,0,0,0,0,0,na,0,0,0,4,4,0,4,0,4,0,4,0,4,0,4,0,4,0,4,0,0,0,4,0,0,0,0,na,4,na,0,4,0,4,4,0,4,0,0,4,0,0,4,0
17,0,"Foreign Policy",4,0,0,4,4,4,4,4,4,4,0,4,4,4,4,4,4,4,4,4,4,0,4,4,4,4,4,4,0,4,4,4,0,4,4,0,0,4,4,0,0,4,4,0,4,0,4,0,0,4,0,0,4,4,4,0,4,0,4,0,4,4,4,4,4,4,0,4,4,0,4,4,4,4,4,4,4,4,4,4,4,0,4,4,4,4,4,4,4,4,0,4,4,4,4,0,4,4,0,0,4
18,0,"Foreign Policy",4,na,4,4,4,4,4,4,4,4,4,4,4,4,4,4,4,4,4,4,4,4,4,4,4,4,4,4,0,4,0,4,0,4,0,0,0,0,0,0,4,4,0,0,4,na,4,4,4,0,0,0,4,4,4,0,4,4,4,4,4,4,0,4,4,0,na,4,0,0,0,4,4,4,0,4,4,4,4,4,4,4,4,4,4,4,4,4,0,4,0,4,4,0,4,0,0,0,0,0,4
19,1,"Foreign Policy",2,2,2,2,2,2,4,2,4,4,2,2,2,2,2,2,2,4,2,2,2,4,2,4,4,4,0,2,0,2,2,2,2,2,2,2,2,2,2,0,2,2,2,2,2,2,0,2,4,0,0,2,0,2,2,2,4,4,2,0,4,2,2,2,4,2,0,2,0,0,2,0,2,2,0,2,4,0,2,2,2,2,0,2,2,4,2,4,0,2,2,4,4,0,4,0,0,0,0,2,2
20,1,"Foreign Policy",2,2,0,2,4,4,4,4,4,4,4,4,4,2,2,2,2,4,2,2,2,4,2,4,2,4,0,4,0,2,0,2,2,0,2,0,0,0,0,0,0,4,2,0,na,0,0,2,2,0,0,0,0,4,4,2,4,4,4,2,4,2,4,4,2,2,0,2,0,0,0,2,4,2,0,4,4,2,4,2,2,2,2,2,2,4,4,4,0,2,2,4,4,0,4,0,0,0,0,0,2
21,1,"Foreign Policy",2,2,2,2,2,4,2,2,2,4,4,4,4,2,2,2,2,4,2,2,2,4,2,4,4,4,0,4,0,2,0,2,2,2,2,0,2,2,0,0,0,4,2,0,2,2,0,2,2,2,0,na,2,4,2,2,4,2,4,2,4,2,2,4,2,2,0,2,0,0,2,2,na,2,0,4,2,2,2,2,2,2,2,2,2,4,4,2,0,2,2,4,4,0,4,0,0,0,0,2,2
22,1,"Foreign Policy",2,2,2,2,2,2,4,4,4,4,4,4,2,2,2,2,2,4,2,2,2,4,2,4,4,4,0,4,0,2,0,4,2,2,2,0,0,0,0,0,0,4,2,0,2,0,0,2,2,2,0,2,0,4,2,2,4,4,4,2,4,2,2,4,2,4,0,2,0,0,0,2,4,2,0,4,2,2,2,2,2,2,4,2,2,4,4,4,0,2,2,4,2,0,4,0,0,0,0,2,2
23,1,Academia,3,3,0,4,4,4,4,4,4,4,4,4,3,3,4,3,4,1,4,3,2,3,4,4,4,4,2,1,1,4,1,3,3,3,4,0,3,2,4,0,0,3,4,3,4,0,3,3,3,2,2,3,4,1,2,1,4,3,4,0,3,4,1,3,4,4,1,4,1,3,1,3,4,3,4,2,0,1,1,4,3,4,4,4,4,1,1,1,1,4,1,2,1,4,3,4,4,4,4,1,1
24,1,Academia,4,2,4,4,4,4,4,4,3,3,4,4,4,1,3,3,4,3,4,4,2,3,4,1,1,3,4,1,1,3,3,4,1,3,4,0,0,1,3,1,2,3,3,3,4,3,4,3,1,3,3,3,4,3,3,0,4,3,4,1,3,3,3,3,4,3,0,4,1,3,2,3,4,3,3,4,0,3,3,3,3,3,3,4,0,3,2,3,2,4,2,1,0,4,3,1,4,4,4,1,1
25,0,Academia,4,0,4,0,0,0,0,4,0,4,0,0,4,0,4,0,0,0,4,0,4,0,4,4,4,0,0,0,0,4,0,0,0,4,4,0,0,0,4,0,0,4,0,0,4,0,4,0,0,4,4,0,0,4,0,0,4,0,4,0,4,4,0,0,4,4,0,0,0,4,0,0,4,0,na,0,0,0,0,4,4,0,0,4,0,4,0,0,0,4,4,4,4,0,4,0,4,4,4,4,0
26,1,Academia,2,1,0,0,2,1,1,2,2,3,1,0,0,0,0,0,3,3,3,0,0,0,0,3,2,0,2,1,0,3,0,3,1,3,0,1,0,0,0,0,1,3,1,0,2,1,3,3,0,2,0,1,3,0,0,0,3,0,0,0,1,1,0,0,0,3,1,0,0,3,1,0,4,0,3,0,0,1,0,1,0,0,0,3,1,0,0,0,1,3,0,1,0,0,4,1,3,2,0,1,3
27,1,Academia,4,1,0,3,1,0,2,3,0,3,1,0,0,2,2,4,0,3,4,0,4,0,4,3,3,3,3,1,0,3,0,1,4,3,4,0,1,0,4,1,0,3,na,0,na,1,na,2,0,2,2,1,3,0,0,0,3,3,0,0,0,3,0,3,1,3,na,4,0,3,0,3,4,0,na,4,2,4,0,4,3,3,3,4,0,na,2,0,3,1,0,1,0,3,4,2,4,4,4,1,na
28,1,Academia,1,0,0,2,0,0,0,0,1,1,4,2,0,0,0,3,0,0,0,0,0,1,0,2,0,3,3,0,1,3,3,0,0,0,4,4,0,2,1,0,0,1,0,0,0,0,3,0,0,1,1,0,0,0,0,0,3,0,0,0,1,1,0,0,0,3,4,1,1,0,0,1,4,0,3,0,0,0,0,2,4,0,0,1,0,1,1,2,3,1,3,0,0,4,0,3,4,4,4,1,0
29,1,Academia,2,0,0,0,0,0,0,0,0,0,0,0,0,0,4,3,3,4,3,4,1,1,4,4,4,1,2,1,0,3,0,1,0,4,2,0,0,3,4,0,1,0,na,na,na,0,na,2,2,2,1,0,1,3,0,0,4,3,1,1,1,4,0,3,3,2,4,na,1,3,2,1,4,0,1,1,0,0,3,4,3,3,2,4,4,1,0,0,0,1,2,2,3,4,4,4,2,na,1,1,1
30,1,Academia,0,0,0,0,0,0,0,0,0,0,0,0,0,0,0,0,0,0,0,0,0,0,0,0,0,0,2,0,0,0,0,0,0,0,0,0,0,0,3,0,0,0,0,0,0,0,0,0,0,1,2,0,0,0,0,0,0,0,0,0,0,0,0,0,0,2,0,0,0,3,0,0,0,0,0,0,0,0,0,0,0,0,0,0,0,0,0,0,2,1,4,0,0,0,0,4,3,4,3,0,0
31,1,Academia,0,0,0,0,0,0,0,0,0,0,0,0,0,0,0,0,0,0,0,0,0,0,0,0,0,0,3,0,0,0,0,0,0,0,0,4,0,0,4,0,0,0,0,0,0,0,0,0,0,1,0,0,0,0,0,0,0,0,0,0,0,0,0,0,0,0,3,0,0,3,0,na,0,0,0,0,0,0,0,0,0,0,0,0,0,0,0,0,1,0,1,0,0,0,1,3,3,0,0,0,0
32,0,Academia,4,0,4,0,0,4,0,0,0,0,4,0,0,4,0,4,4,0,4,4,0,0,0,4,4,0,0,0,0,0,0,0,0,4,0,0,0,0,4,0,0,0,0,0,4,4,0,0,na,4,4,0,0,0,0,0,0,0,0,0,4,0,0,0,4,4,0,0,0,0,4,0,0,4,0,0,0,0,0,0,0,0,0,4,0,4,0,0,0,0,0,4,0,4,4,4,0,4,0,na,0
33,1,Academia,0,0,3,0,0,0,0,0,0,1,1,0,0,0,4,0,0,0,1,0,0,1,0,0,0,1,3,1,0,3,0,0,0,0,0,0,0,0,0,0,0,1,0,0,0,0,0,0,0,0,0,0,0,0,0,0,2,1,1,0,0,1,0,0,1,3,3,0,0,0,2,0,0,1,0,na,0,0,0,0,0,0,na,3,0,0,0,0,1,1,1,1,3,4,3,1,3,1,1,0,0
34,1,"Domestic Politics",4,0,2,2,3,2,3,0,1,1,4,3,4,0,4,4,4,2,4,4,4,0,0,0,3,2,1,0,0,3,3,0,1,4,2,3,1,0,4,0,1,4,0,1,4,0,1,3,3,2,2,1,1,0,0,0,4,0,0,0,3,3,0,0,1,0,2,3,2,0,1,3,4,4,4,4,na,4,3,4,3,0,4,0,3,1,4,0,0,3,3,0,0,4,4,4,4,4,3,1,0
35,1,"Domestic Politics",4,2,2,2,4,2,3,4,4,2,0,4,3,4,4,3,4,4,4,4,1,1,1,1,3,2,1,1,1,4,2,4,4,2,2,3,4,2,4,2,1,4,2,1,2,1,2,3,3,2,2,4,4,3,1,0,4,0,2,1,3,3,3,3,1,0,1,4,1,4,3,4,4,4,4,4,0,1,3,4,4,3,3,4,3,2,4,1,2,3,1,1,0,4,4,2,4,4,4,2,1
36,1,"Domestic Politics",0,3,0,0,0,3,0,0,0,0,1,0,0,0,3,4,0,0,4,0,1,4,0,3,4,2,0,1,0,2,0,0,0,na,0,0,0,0,0,1,0,0,na,0,na,na,1,2,3,1,0,0,3,4,3,0,4,2,0,0,3,3,0,0,0,3,4,1,1,3,1,3,3,0,0,4,na,0,1,4,0,0,3,1,4,na,4,3,0,3,0,2,0,0,4,1,3,0,3,0,0
37,1,"Domestic Politics",4,0,0,0,0,4,4,0,0,3,0,3,4,0,4,0,4,3,2,1,3,4,4,4,0,2,2,0,0,2,1,0,4,4,1,0,0,0,2,1,0,2,4,1,4,1,0,1,4,2,0,0,3,4,0,0,4,4,4,0,0,3,0,3,4,4,3,4,0,0,0,3,0,4,1,4,4,3,3,3,1,0,4,1,1,2,4,0,0,3,1,2,0,3,4,3,4,3,3,1,0
38,1,"Domestic Politics",4,2,0,1,4,4,3,3,0,0,0,4,0,3,3,3,1,4,4,0,0,3,1,3,3,1,2,1,0,3,1,0,1,1,0,0,0,0,2,0,0,4,3,1,4,0,1,1,3,0,0,0,1,3,3,0,4,4,1,0,3,3,1,2,4,4,na,na,1,0,1,3,3,4,2,4,0,0,1,4,0,0,4,1,na,2,4,3,2,3,3,1,0,0,4,0,3,3,0,1,1
39,1,"Domestic Politics",0,0,0,0,0,0,0,0,0,0,0,0,0,0,4,0,0,0,0,0,0,3,0,2,0,0,0,0,0,0,0,0,3,1,0,0,0,0,0,0,0,1,0,0,0,0,0,1,0,2,0,0,0,0,0,0,0,4,0,0,0,0,0,0,0,0,3,0,0,0,0,0,3,0,3,4,na,0,0,4,0,0,0,0,0,0,0,0,0,0,0,0,0,4,4,1,3,3,3,0,0
40,1,"Domestic Politics",0,0,0,0,0,0,0,0,0,0,0,0,0,0,4,0,0,0,0,0,0,0,0,0,0,0,0,0,0,0,0,0,0,0,0,0,0,0,0,0,0,0,0,0,0,0,0,0,0,1,1,0,0,0,0,0,0,0,0,0,0,3,0,0,0,3,2,0,0,0,0,na,0,0,3,4,0,4,0,0,0,0,3,0,0,0,0,0,2,0,3,0,0,4,na,3,4,4,3,0,0
41,1,"Domestic Politics",0,0,0,0,0,0,0,0,0,0,0,0,0,0,0,3,0,0,3,0,0,0,0,0,0,0,3,0,4,0,0,0,0,0,0,0,0,3,1,0,0,0,0,0,0,0,0,0,0,0,0,0,3,0,1,0,0,0,0,0,0,0,0,0,0,2,4,na,3,3,0,1,1,0,0,3,0,0,0,0,0,0,3,1,1,0,0,0,4,0,1,0,0,4,0,2,4,4,4,0,0
42,1,"Domestic Politics",4,0,3,2,2,4,3,4,0,4,4,4,3,4,4,4,0,3,4,1,0,4,3,4,3,2,3,1,3,3,0,1,1,3,3,0,0,0,1,0,0,3,0,0,4,0,1,1,3,2,0,0,0,4,3,0,4,4,1,1,0,3,0,3,3,3,4,0,0,3,1,0,4,3,3,4,3,0,3,na,0,0,3,1,0,2,0,1,0,4,0,2,4,4,1,0,0,3,3,1,1
43,1,"Domestic Politics",3,0,0,0,0,1,3,3,0,0,0,0,0,0,3,0,3,0,3,4,0,0,0,0,0,0,3,0,0,0,3,0,3,0,0,0,0,0,0,0,0,3,0,0,0,0,0,2,0,1,0,0,3,0,1,0,na,0,4,0,0,0,0,0,0,3,1,3,3,2,0,0,0,0,3,4,4,na,na,0,0,0,0,0,0,3,3,0,1,3,2,0,0,4,4,4,3,4,3,1,3
44,1,"Domestic Politics",3,0,0,0,3,0,0,0,0,0,0,0,3,0,na,3,0,4,0,0,0,3,0,0,0,4,2,0,0,0,1,0,0,3,0,0,0,0,2,0,0,0,0,0,0,0,0,3,0,0,0,0,na,na,na,0,3,0,0,0,0,0,0,0,0,3,0,0,0,0,0,0,1,0,0,na,0,0,4,na,0,0,0,0,0,1,0,0,0,2,0,0,0,3,3,0,1,0,0,0,0
45,0,Economy,0,0,0,0,0,4,0,0,0,0,0,0,4,0,0,0,4,4,4,4,0,4,4,4,4,4,0,4,0,0,0,0,0,0,0,0,0,0,0,0,0,0,0,0,0,0,0,0,0,0,0,0,0,0,0,0,0,0,4,0,4,4,0,4,4,4,4,4,0,0,0,4,0,4,4,0,4,4,4,0,4,0,4,4,4,0,0,4,4,4,4,4,4,0,4,0,4,0,4,0,0
46,0,Economy,0,0,0,0,0,0,4,4,0,0,na,0,0,0,0,4,0,4,0,4,na,0,0,0,4,0,0,0,0,0,0,0,0,0,0,0,0,0,0,0,0,0,0,0,0,0,na,0,0,0,0,0,0,0,4,0,4,0,0,0,4,0,4,4,4,0,0,na,0,0,0,0,4,0,0,0,0,0,0,4,0,0,0,0,4,4,0,4,0,4,0,0,0,0,4,0,0,0,na,0,4
47,0,Economy,0,0,4,0,0,4,0,0,0,0,0,0,4,0,4,0,4,0,4,0,0,0,0,0,0,4,0,0,0,0,0,0,0,0,0,0,0,0,0,0,0,0,0,0,4,0,0,0,0,0,4,0,0,0,0,0,4,0,4,0,0,4,0,0,4,0,0,4,0,0,0,4,4,4,4,0,4,4,4,0,0,0,4,0,4,0,0,4,0,4,4,4,4,0,0,0,0,0,4,0,0
48,0,Economy,4,0,0,4,4,4,4,4,4,4,4,0,0,4,4,0,4,4,4,0,4,4,4,0,0,4,4,0,4,0,0,0,4,0,4,0,0,0,4,4,0,4,4,0,4,0,4,0,0,4,4,0,4,0,4,0,4,0,4,0,4,4,4,4,4,4,0,4,4,4,0,0,0,4,4,4,4,4,4,4,0,4,4,4,4,0,0,0,0,4,0,4,0,0,4,4,4,4,4,4,4
49,0,Economy,4,0,4,4,4,4,4,4,4,4,4,4,4,0,0,0,4,4,4,4,0,0,4,4,0,4,4,4,0,0,4,4,4,0,0,4,4,4,4,0,0,4,4,0,4,4,4,4,0,4,4,0,4,0,4,0,4,4,0,4,4,4,4,4,4,4,0,4,0,0,4,4,4,4,4,0,0,4,4,4,4,0,4,4,4,0,0,0,0,4,4,4,4,4,4,0,4,4,4,4,4
50,0,Economy,4,0,4,4,4,0,4,0,4,4,4,4,4,0,0,0,0,0,0,0,0,0,0,0,0,0,0,4,4,4,0,4,0,4,0,0,0,0,0,0,4,4,0,4,4,0,4,4,0,0,0,4,0,0,0,0,4,4,0,0,4,4,0,0,4,0,0,4,0,0,4,0,0,0,0,4,0,0,4,0,0,0,4,4,0,0,0,0,0,0,4,4,4,0,na,0,4,0,4,0,0
51,0,Economy,0,0,0,0,4,0,0,4,4,0,0,0,0,4,0,0,0,0,0,0,0,0,0,0,0,na,0,4,0,0,4,4,0,4,0,0,0,4,0,0,0,0,0,0,0,0,4,0,0,0,0,0,0,0,0,0,4,0,0,0,4,4,0,0,0,4,4,4,0,0,0,4,0,4,4,0,na,4,0,0,0,0,0,4,4,0,4,0,4,0,4,4,0,0,0,4,4,4,4,0,0
52,0,Economy,0,0,0,0,0,0,0,0,0,0,0,0,4,0,0,0,0,0,0,0,0,0,0,0,0,0,0,0,4,0,0,0,0,0,0,4,0,0,0,0,0,0,0,0,0,0,0,0,0,0,0,0,0,0,0,4,0,0,4,0,0,0,0,0,0,4,4,0,4,0,0,4,0,0,4,0,0,0,0,0,0,0,0,0,0,0,0,0,4,0,4,0,0,4,0,4,0,0,4,0,0
53,0,Economy,4,4,4,0,4,0,4,4,0,0,4,4,0,0,0,4,4,0,4,4,0,4,0,0,4,4,0,0,0,0,0,0,0,4,0,0,0,0,0,0,4,4,0,0,0,4,0,0,0,0,0,0,0,4,0,0,4,0,0,0,4,0,0,0,0,4,4,0,0,0,0,4,0,0,4,4,0,4,0,0,0,0,4,4,4,4,4,0,4,4,4,4,4,0,4,4,0,0,4,0,0
54,0,Economy,4,0,0,4,4,4,4,4,4,4,4,0,4,0,4,0,4,4,0,0,0,0,4,0,4,4,0,4,0,0,0,0,0,0,0,0,0,0,0,0,0,4,0,0,4,0,0,0,0,0,0,0,0,0,0,0,4,0,0,0,4,0,na,4,4,4,0,0,0,0,0,4,0,0,0,4,0,4,0,0,0,0,4,4,4,4,4,4,0,4,4,4,0,0,4,0,0,0,0,4,4
55,0,Economy,0,0,0,0,0,0,0,0,0,0,0,0,0,0,0,0,0,4,0,4,0,0,0,0,0,0,0,0,0,0,0,0,0,0,0,0,0,0,0,0,0,0,0,0,0,0,0,0,0,0,0,0,0,0,0,0,4,0,0,0,0,0,0,4,0,0,0,0,0,0,0,0,0,0,0,0,0,0,0,0,0,0,0,0,0,0,0,0,0,0,0,0,0,0,0,0,0,0,0,0,0
56,0,Technology,0,0,0,0,4,0,4,4,0,4,4,0,0,4,4,0,0,0,0,0,0,0,4,4,0,4,0,0,0,0,0,0,0,0,0,0,0,0,0,0,0,0,0,0,0,0,0,0,0,4,na,0,0,4,0,0,4,4,4,0,4,4,0,0,4,4,0,4,0,0,0,0,4,4,0,4,0,4,4,4,0,0,4,4,4,0,4,0,4,4,0,4,0,4,4,4,0,4,4,0,0
57,1,Technology,4,0,2,4,4,4,4,4,3,4,3,3,3,1,0,3,3,4,3,0,4,3,3,4,4,3,4,3,3,3,4,3,0,3,4,0,3,2,4,0,0,1,1,0,4,na,3,4,0,0,2,4,1,3,3,3,4,3,3,0,4,3,3,3,3,2,0,4,4,2,4,3,4,1,0,4,3,3,2,4,4,0,3,3,4,3,4,3,3,4,1,2,1,3,4,0,4,4,3,0,0
58,1,Technology,3,0,3,4,4,4,2,4,1,4,2,4,4,1,na,3,4,3,3,1,4,3,4,3,4,2,3,3,0,4,na,3,0,na,0,0,0,2,4,0,0,3,3,na,4,na,3,4,4,1,2,3,1,0,3,3,4,3,3,0,3,4,3,3,3,3,0,3,4,3,0,0,4,0,0,2,3,3,0,3,4,0,3,3,na,4,4,3,0,4,0,1,1,0,3,0,4,0,na,0,0
59,0,Technology,4,0,0,4,4,4,4,4,0,4,4,4,0,4,4,4,4,0,4,4,0,4,4,4,4,4,na,4,4,4,4,4,0,4,4,4,0,4,4,0,0,4,4,0,4,4,0,4,4,0,4,4,4,4,4,4,4,4,4,0,4,4,na,0,4,4,0,4,4,4,4,0,4,4,4,4,4,4,4,4,4,0,0,4,4,4,4,4,4,0,4,4,4,0,4,4,4,4,4,4,4
60,1,Technology,3,0,1,3,4,3,4,4,1,4,1,3,0,3,1,3,2,4,0,1,0,0,0,0,0,2,0,0,0,2,0,1,0,0,0,0,0,0,0,0,0,3,0,0,na,0,0,0,2,0,0,na,0,0,4,0,4,0,3,0,3,4,0,0,3,2,1,2,0,3,0,0,1,0,0,4,0,3,0,na,0,0,0,3,4,2,0,0,0,0,0,1,0,0,3,0,0,0,3,0,0
61,1,Technology,0,0,1,2,3,4,3,0,0,4,1,4,1,0,3,3,0,0,1,0,3,0,4,3,0,3,4,1,0,2,1,0,0,1,0,0,0,0,1,0,0,3,0,0,na,0,0,1,1,1,1,3,1,0,0,0,4,0,3,0,3,3,3,0,3,3,0,2,0,0,0,0,0,0,0,4,0,3,0,0,2,0,1,3,3,0,1,0,0,3,0,1,3,0,1,0,1,0,3,0,na
62,0,Technology,0,0,0,4,0,0,4,0,0,4,0,0,0,4,0,0,4,0,4,0,0,4,4,4,0,4,0,0,0,0,0,0,0,0,4,0,0,0,4,0,0,4,0,0,0,0,0,0,0,0,0,0,4,0,4,0,4,0,0,0,4,4,0,4,4,4,4,4,0,4,0,4,4,0,0,4,0,0,0,0,0,0,4,4,4,4,4,4,4,4,0,4,4,0,4,0,0,0,0,0,4
63,1,Technology,0,0,0,0,3,1,0,0,1,4,0,0,0,3,0,0,2,0,2,0,na,0,3,0,2,2,2,0,0,3,1,0,2,na,3,4,3,0,4,0,0,0,3,0,0,0,1,1,0,1,1,0,1,0,0,0,4,0,0,1,3,1,0,3,3,2,2,4,0,0,4,4,0,2,1,4,0,4,3,0,0,0,4,3,na,0,0,0,1,3,2,0,0,4,2,3,4,4,3,2,na
64,1,Technology,4,1,1,3,1,3,0,1,1,4,0,0,1,0,4,0,0,3,4,0,0,0,1,0,0,3,3,3,0,2,0,3,1,0,1,4,4,0,3,0,0,1,1,0,3,0,0,0,0,1,2,0,1,0,0,1,4,3,0,0,4,3,0,0,0,4,4,4,0,0,1,4,1,3,0,4,0,4,1,3,0,0,3,3,1,0,0,0,3,1,2,4,2,3,2,3,4,4,1,1,0
65,0,Technology,0,0,0,4,4,0,0,0,0,4,0,4,0,4,0,0,4,4,4,4,0,0,0,0,0,4,4,0,0,0,4,0,0,0,0,0,0,0,0,0,0,4,0,0,0,4,0,0,0,0,0,0,0,4,4,0,4,0,4,na,4,4,0,0,4,4,0,4,0,0,4,0,0,4,0,0,0,4,0,4,0,0,0,4,0,0,0,0,0,4,0,4,0,4,4,4,4,4,0,0,0
66,0,Technology,0,4,0,0,4,4,4,4,0,4,4,0,0,0,0,0,0,4,0,4,na,0,0,0,0,4,0,0,0,0,0,0,0,0,0,0,0,0,0,0,0,0,0,0,0,0,0,0,0,0,0,0,0,0,0,0,4,0,4,0,4,4,0,0,0,4,0,0,0,0,0,0,4,4,0,4,0,4,0,4,0,0,0,4,0,4,4,0,0,0,0,4,0,0,4,4,0,0,4,4,0
67,1,Society,0,0,0,0,0,0,0,0,0,2,0,0,0,0,4,3,3,4,3,1,0,0,0,0,0,3,3,na,3,0,3,1,1,1,3,2,1,1,1,0,0,0,1,0,0,0,1,1,0,1,1,na,1,1,1,1,1,0,0,0,3,2,0,1,0,3,4,3,1,0,1,1,0,1,2,3,4,3,0,0,0,0,0,0,0,3,1,0,4,0,0,0,0,4,0,4,2,4,3,0,1
68,0,Society,0,0,0,0,0,0,4,0,0,0,0,0,0,0,0,0,0,4,4,0,0,0,0,0,0,0,4,0,0,0,0,0,0,0,4,0,4,0,0,0,0,0,na,0,0,0,0,0,0,0,4,0,0,0,4,0,0,0,0,0,0,4,0,0,0,4,4,0,0,0,0,4,0,0,0,0,0,4,0,0,0,0,4,4,4,0,0,0,4,4,0,0,0,4,0,4,0,4,4,0,0
69,0,Society,0,0,0,4,4,4,0,0,0,0,4,0,0,0,0,0,0,4,0,0,0,0,4,0,0,0,0,0,0,0,4,4,4,0,0,4,0,0,0,0,0,na,0,0,0,0,4,0,0,0,0,0,0,0,0,0,0,0,0,0,4,0,0,0,4,4,4,4,0,0,0,4,0,4,0,0,0,0,0,4,0,0,0,0,0,0,na,0,4,0,4,0,0,0,4,0,4,0,0,0,0
70,1,Society,0,0,0,0,0,0,0,0,0,0,0,0,1,3,4,3,4,3,3,3,3,0,2,0,3,1,3,3,4,3,1,1,1,3,3,3,0,4,3,1,3,3,3,0,1,1,1,2,0,2,0,0,0,3,0,0,2,0,3,0,1,4,0,2,1,3,1,2,1,4,0,1,3,1,3,2,4,1,1,4,3,1,0,1,2,1,1,0,4,3,3,1,3,4,1,2,3,4,4,1,1
71,1,Society,2,0,0,1,0,4,1,1,3,1,4,4,1,4,3,2,0,3,4,3,0,0,3,2,0,2,2,1,0,3,3,0,1,1,1,0,2,1,0,0,1,3,0,0,2,0,na,1,0,na,0,2,1,0,0,0,2,0,0,0,1,3,0,3,3,4,4,1,0,0,0,1,4,2,3,4,4,1,0,1,0,0,1,3,1,1,3,0,2,1,0,0,0,4,4,1,1,2,1,1,0
72,0,Society,0,0,0,0,0,0,0,0,0,4,0,0,0,0,4,0,0,0,4,4,0,4,4,4,4,4,0,4,0,0,0,0,4,4,4,0,0,4,4,4,0,0,4,0,0,0,0,4,0,4,0,4,4,0,4,4,4,4,0,0,4,4,0,4,4,4,4,4,0,0,0,4,4,4,4,4,4,na,4,4,0,0,0,4,4,4,4,0,0,4,0,0,0,4,4,na,0,4,4,0,4
73,1,Society,0,0,1,0,1,0,1,2,0,1,2,0,3,0,3,3,0,3,1,1,1,0,3,4,4,3,0,1,0,1,1,0,0,0,0,0,0,1,1,1,0,1,1,1,0,0,2,1,1,0,1,0,0,1,0,0,1,0,0,2,3,3,0,1,3,4,4,0,0,0,1,2,na,2,3,2,4,4,3,0,0,0,3,3,1,4,3,1,0,1,0,1,1,4,1,na,1,0,0,0,0
74,0,Society,4,4,0,0,4,4,0,0,0,4,0,4,0,4,4,4,4,4,4,0,4,0,4,4,0,4,4,0,4,4,4,4,4,4,4,4,0,4,4,0,0,4,4,0,4,0,4,4,4,0,4,4,0,4,4,0,4,0,0,0,4,4,0,4,0,4,4,4,4,4,4,4,0,4,0,4,0,4,0,4,0,0,0,4,4,4,4,0,0,4,4,4,4,4,4,4,4,4,0,4,0
75,1,Society,0,1,0,3,0,3,0,1,1,1,1,0,0,4,4,1,4,3,3,3,3,3,3,4,2,2,2,1,1,3,na,3,3,1,0,2,0,3,2,0,1,3,2,0,1,1,2,1,1,0,0,0,4,0,3,1,1,1,3,1,3,3,1,2,1,4,4,na,1,4,1,4,4,4,3,3,0,4,2,4,3,3,3,3,4,3,4,2,3,4,1,1,3,4,4,4,4,4,3,1,1
76,1,Society,0,0,0,0,0,0,0,0,0,0,0,0,0,0,0,0,0,0,0,0,0,0,0,0,0,0,0,0,0,0,0,0,0,0,0,0,0,0,0,0,0,0,0,0,0,0,0,0,0,0,0,0,0,0,0,0,0,0,0,0,0,0,0,0,0,0,4,0,0,0,1,0,0,0,0,0,0,0,0,0,0,0,0,0,0,0,0,0,1,0,1,0,0,1,0,0,0,0,0,0,0
77,0,Society,4,na,4,0,na,4,4,0,4,4,na,0,4,4,4,0,4,4,4,na,na,0,0,4,0,4,0,4,0,4,0,0,0,4,0,0,0,0,0,4,0,4,4,0,0,0,0,4,0,0,0,4,0,4,4,4,4,4,na,0,4,0,na,0,4,4,0,0,0,4,0,0,4,4,0,0,0,0,0,4,0,0,0,4,0,4,4,0,0,0,0,4,4,0,0,0,0,0,0,0,na
78,0,Military,0,0,0,0,0,4,0,0,4,4,4,0,4,0,4,0,4,4,0,4,0,4,4,4,4,4,0,4,0,0,0,4,0,4,4,0,0,0,0,0,0,4,0,0,0,0,0,4,0,0,0,0,4,4,4,4,4,4,4,0,4,4,4,4,4,0,0,4,4,4,4,4,4,0,0,4,4,4,4,4,0,0,4,4,4,4,4,4,0,4,4,4,4,0,4,4,0,4,4,4,4
79,0,Military,0,0,4,0,4,4,4,4,4,4,0,0,4,0,0,0,4,4,0,0,0,4,4,4,4,4,0,4,0,0,0,0,0,0,0,0,0,0,0,0,0,0,0,0,4,0,0,0,0,0,0,0,0,4,0,0,4,4,0,0,4,0,4,0,4,4,0,0,0,0,0,4,4,4,0,4,4,4,0,0,0,0,4,4,4,4,4,4,0,4,4,4,4,0,4,4,4,0,0,4,4
80,0,Military,0,0,0,0,0,4,0,0,4,4,0,4,0,0,0,0,0,0,0,0,0,0,4,0,0,4,0,0,0,0,4,0,0,0,0,0,0,0,0,0,0,4,0,0,0,0,0,0,0,0,0,0,0,0,0,0,4,0,0,0,0,0,0,0,0,0,0,0,0,0,0,0,0,4,0,0,0,4,0,4,4,0,4,4,0,4,0,0,0,0,0,4,0,4,0,4,0,4,0,0,0
81,0,Military,0,0,0,0,0,0,4,0,0,0,0,0,0,0,4,na,0,0,0,0,0,0,0,4,0,0,0,0,0,0,0,0,0,0,0,0,4,0,0,0,0,0,0,0,0,0,0,0,0,0,0,0,0,0,0,0,4,0,0,0,0,0,0,0,4,0,0,0,0,0,0,0,0,0,0,0,0,0,0,4,0,0,4,4,4,0,4,0,0,4,0,0,0,0,4,0,0,0,0,0,4
82,0,Military,0,0,0,0,0,4,0,0,0,0,4,0,0,0,0,0,0,0,0,0,0,4,0,4,0,0,0,4,0,0,0,0,0,0,0,0,0,0,0,0,0,0,0,0,0,0,0,0,0,0,0,0,0,0,0,0,4,4,0,0,0,0,0,4,0,0,0,0,0,0,0,4,4,0,0,4,4,0,4,0,0,0,4,4,0,4,na,0,0,4,0,0,0,0,0,0,0,0,0,0,0
83,0,Military,0,0,0,0,0,0,4,0,0,0,0,0,4,0,0,0,0,0,0,0,0,4,4,0,4,0,0,0,0,0,0,0,0,0,0,0,0,0,0,0,0,0,0,0,0,0,0,0,0,0,0,0,0,0,0,0,na,0,0,0,0,0,0,0,0,0,0,0,0,0,0,0,0,0,0,0,0,0,0,4,0,0,0,0,0,0,0,0,0,0,0,4,4,0,0,0,0,0,0,0,0
84,0,Military,0,0,4,4,4,4,4,4,0,4,0,4,0,4,0,0,4,4,4,4,0,4,4,4,4,4,0,0,0,0,0,0,0,na,0,0,0,0,0,0,0,4,0,0,4,0,0,0,4,0,0,0,0,0,0,0,4,4,0,0,4,4,4,0,4,4,0,4,0,0,0,4,4,0,0,4,4,4,0,0,0,0,4,4,na,4,4,0,4,4,0,4,4,0,4,0,0,0,4,0,0
85,1,Military,0,0,4,0,4,0,4,0,0,0,0,4,4,0,0,0,4,0,4,0,0,4,4,4,na,4,4,4,0,0,na,0,0,4,0,0,0,0,0,0,0,4,0,0,0,0,0,0,0,0,0,0,0,4,0,0,4,0,4,2,4,0,0,0,4,4,1,4,0,0,0,4,4,4,4,4,4,0,3,4,4,0,0,4,3,4,4,4,4,4,na,0,0,0,4,4,1,0,1,0,0
86,0,Military,0,0,0,0,0,0,0,0,0,0,0,0,0,0,na,0,4,0,na,0,0,0,0,0,0,4,0,0,0,0,0,0,0,0,0,0,0,0,0,0,0,na,na,0,0,0,0,0,0,0,0,0,0,0,0,0,na,0,0,0,0,0,0,0,0,4,4,0,4,0,0,0,0,0,0,0,0,0,0,0,na,0,0,na,0,0,0,0,0,4,4,0,0,0,na,0,4,4,0,0,4
87,0,Military,4,0,0,0,0,0,0,0,0,0,4,0,0,0,4,0,0,4,0,0,0,0,0,0,0,4,0,0,4,4,0,0,0,na,0,0,0,0,0,0,0,4,0,0,0,0,0,4,0,0,0,0,0,4,0,0,4,0,4,na,0,0,0,0,0,4,4,0,4,0,0,0,4,4,0,4,na,0,0,0,0,0,0,4,4,4,0,na,0,4,0,0,4,0,4,0,4,0,0,4,4
88,0,Military,0,0,4,0,4,4,4,4,0,4,4,0,4,0,0,0,4,4,0,0,0,4,4,4,0,4,0,0,0,0,4,0,0,0,0,0,0,0,0,0,0,0,0,0,4,0,0,0,0,0,0,0,0,0,4,0,4,0,0,4,4,4,0,0,0,4,0,0,0,0,0,0,4,4,0,4,4,4,0,0,4,0,4,4,4,0,0,0,0,4,0,4,4,0,4,0,0,0,0,0,0
89,0,"Law Enforcement",4,0,4,4,4,4,4,4,0,4,0,4,4,4,4,0,4,4,4,4,4,0,4,0,4,4,4,0,4,4,0,4,4,4,0,0,0,0,0,0,0,0,4,0,4,0,4,4,0,4,0,4,4,0,0,0,4,4,4,4,4,4,0,4,4,4,4,4,4,4,4,4,4,4,0,4,0,0,0,4,4,0,4,4,4,4,0,4,4,4,4,4,0,0,4,4,0,4,4,0,4
90,0,"Law Enforcement",0,0,4,0,4,4,4,4,0,4,0,4,4,4,0,0,0,0,0,0,0,0,4,4,0,4,0,0,0,4,0,4,0,0,0,0,0,0,0,0,0,4,4,0,4,0,0,0,0,na,0,0,0,0,0,0,4,4,4,4,4,4,0,0,0,0,4,0,0,0,0,4,0,4,0,0,0,4,0,4,4,0,4,4,0,0,0,0,0,4,4,4,4,0,4,0,0,0,4,0,0
91,0,"Law Enforcement",0,0,0,0,0,0,0,4,0,0,0,0,0,4,4,4,0,0,4,0,0,0,0,4,0,0,4,0,0,0,4,0,0,0,0,0,0,0,4,0,0,0,na,0,0,0,4,0,0,4,4,0,4,0,4,4,0,0,0,0,4,4,0,0,0,4,4,4,0,0,0,4,0,4,4,4,na,4,0,4,0,0,4,4,4,0,0,0,4,4,4,0,0,4,4,4,4,4,4,0,0
92,1,"Law Enforcement",1,0,0,0,0,0,0,0,0,0,0,0,0,0,4,na,0,0,3,0,0,0,0,0,0,3,0,0,0,0,0,0,0,0,0,na,0,0,2,0,0,0,0,0,0,0,0,0,0,0,0,0,0,0,0,0,0,3,0,0,3,3,0,0,0,0,0,2,0,3,0,0,0,0,0,0,0,0,1,0,0,0,0,0,1,0,0,0,0,0,0,0,2,0,0,0,0,0,0,0,0
93,1,"Law Enforcement",0,0,0,0,3,4,0,3,0,0,0,4,0,0,4,3,3,4,2,3,0,3,3,2,0,3,0,0,0,0,0,0,0,0,3,na,0,0,0,0,0,0,1,0,3,0,0,0,0,0,0,0,3,3,1,0,2,4,2,0,4,3,0,3,1,1,0,2,0,0,0,3,4,1,0,0,0,4,3,0,0,0,0,0,1,1,3,0,0,3,0,2,0,0,2,0,1,0,0,0,0
94,1,"Law Enforcement",0,0,0,0,0,0,0,0,0,0,0,0,0,0,0,0,0,0,0,0,0,0,0,0,0,0,0,0,0,0,0,0,0,0,0,0,0,0,0,0,0,0,0,0,0,0,0,0,0,1,0,0,0,0,0,0,0,0,0,0,0,0,0,0,0,0,1,0,0,0,0,0,1,0,0,0,0,1,0,0,0,0,0,0,0,0,0,0,3,0,4,0,0,0,1,3,4,0,0,0,0
95,0,"Law Enforcement",0,0,0,0,0,4,0,0,0,0,0,4,0,0,0,4,4,0,4,4,0,0,4,0,0,4,4,4,4,4,na,4,4,0,4,4,4,4,4,0,0,0,na,0,4,0,na,0,0,4,4,4,4,0,0,0,0,0,0,4,4,4,0,4,4,4,4,0,4,0,0,4,4,4,4,0,0,4,0,0,0,0,0,0,0,0,0,0,4,0,4,0,0,4,4,4,4,4,4,4,0
96,0,"Law Enforcement",0,0,0,0,0,4,0,0,0,0,0,0,4,0,na,0,0,0,4,0,na,0,0,4,0,0,4,4,0,0,4,4,0,na,4,4,0,0,4,0,0,0,4,0,0,0,na,0,0,4,4,0,4,0,0,0,0,0,0,0,4,na,0,0,0,0,0,0,4,0,0,4,0,0,0,0,0,0,0,4,0,0,0,0,0,0,0,0,4,0,0,0,0,4,4,4,4,4,4,0,0
97,0,"Law Enforcement",0,0,0,0,4,4,0,0,0,0,0,0,4,0,0,0,0,0,0,0,0,0,0,0,0,0,0,0,0,0,0,0,0,0,0,0,0,0,0,0,0,0,0,0,4,0,0,0,0,0,0,0,0,0,0,0,4,0,0,0,0,0,0,0,0,0,0,0,0,0,0,0,4,0,0,0,0,0,0,0,0,0,0,4,4,0,0,0,0,4,0,4,4,0,4,0,0,0,0,0,0
98,0,"Law Enforcement",0,0,0,0,4,0,0,0,0,0,0,0,4,0,0,0,0,0,0,0,0,0,0,0,0,0,0,0,0,4,0,0,0,0,0,0,0,0,0,0,0,0,0,0,0,0,4,0,0,0,0,0,4,0,0,0,4,0,0,0,0,0,0,0,0,4,0,0,0,0,4,0,4,4,0,0,0,0,0,0,0,0,0,4,0,0,0,0,0,4,0,4,0,0,4,0,0,0,0,0,0
99,0,"Law Enforcement",0,0,0,0,4,4,4,4,0,4,0,4,4,4,4,4,0,4,4,4,0,4,4,4,4,4,0,na,4,4,0,4,0,4,4,0,0,4,4,0,0,4,0,0,na,0,0,4,4,4,4,4,4,4,4,4,4,4,4,4,4,4,0,4,4,4,0,4,4,4,na,4,4,0,4,4,0,4,0,0,0,0,0,0,4,4,0,na,0,0,4,4,4,4,4,4,0,4,4,4,0
